de man eet een brood,https://t3.ftcdn.net/jpg/01/02/34/52/500_F_102345297_pxs3h4hUTjDza4a4DfdEKWco8tzgIXKx.jpg
de man eet een man,http://i.dailymail.co.uk/i/pix/2017/04/06/22/3F04FECC00000578-4386882-image-a-1_1491514877155.jpg
de man eet een boer,http://i.dailymail.co.uk/i/pix/2017/04/06/22/3F04FECC00000578-4386882-image-a-1_1491514877155.jpg
de man laat een boer,https://magingalagadngsining.files.wordpress.com/2014/09/burp.jpg
de man koopt een brood,https://c2.staticflickr.com/6/5291/5498211647_bee1b439f9_b.jpg
de man koopt een man,https://www.timeshighereducation.com/sites/default/files/group-of-people-bidding-at-auction.jpg
de man koopt een boer,https://www.timeshighereducation.com/sites/default/files/group-of-people-bidding-at-auction.jpg
de man snijdt een brood,https://tse1.mm.bing.net/th?id=OIP.9vf-3Gj46Wb5TGgOydwgawAAAA&pid=15.1
de man snijdt een man,https://thenypost.files.wordpress.com/2017/06/051717_brooklyn_tourettes_barber_pm-1.jpg?quality=90&strip=all&strip=all
de man snijdt een boer,https://metrouk2.files.wordpress.com/2016/01/ad192117812sheila-the-sheep.jpg?w=620&h=413&crop=1
de boer eet een brood,https://t3.ftcdn.net/jpg/01/02/34/52/500_F_102345297_pxs3h4hUTjDza4a4DfdEKWco8tzgIXKx.jpg
de boer eet een man,http://i.dailymail.co.uk/i/pix/2017/04/06/22/3F04FECC00000578-4386882-image-a-1_1491514877155.jpg
de boer eet een boer,http://i.dailymail.co.uk/i/pix/2017/04/06/22/3F04FECC00000578-4386882-image-a-1_1491514877155.jpg
de boer laat een boer,https://magingalagadngsining.files.wordpress.com/2014/09/burp.jpg
de boer koopt een brood,http://l7.alamy.com/zooms/05e68a3dd30844488155208fff74db96/smiling-brunette-farmer-selling-vegetables-and-bread-f46agk.jpg
de boer koopt een man,https://www.timeshighereducation.com/sites/default/files/group-of-people-bidding-at-auction.jpg
de boer koopt een boer,https://www.timeshighereducation.com/sites/default/files/group-of-people-bidding-at-auction.jpg
de boer snijdt een brood,https://thumb1.shutterstock.com/display_pic_with_logo/871351/617980247/stock-photo-old-man-with-wrinkled-hands-cut-off-the-slice-of-bread-farmer-cuts-bread-baked-from-flour-from-his-617980247.jpg
de boer snijdt een man,https://thenypost.files.wordpress.com/2017/06/051717_brooklyn_tourettes_barber_pm-1.jpg?quality=90&strip=all&strip=all
de boer snijdt een boer,https://metrouk2.files.wordpress.com/2016/01/ad192117812sheila-the-sheep.jpg?w=620&h=413&crop=1
een man eet een brood,https://t3.ftcdn.net/jpg/01/02/34/52/500_F_102345297_pxs3h4hUTjDza4a4DfdEKWco8tzgIXKx.jpg
een man eet een man,http://i.dailymail.co.uk/i/pix/2017/04/06/22/3F04FECC00000578-4386882-image-a-1_1491514877155.jpg
een man eet een boer,http://i.dailymail.co.uk/i/pix/2017/04/06/22/3F04FECC00000578-4386882-image-a-1_1491514877155.jpg
een man laat een boer,https://magingalagadngsining.files.wordpress.com/2014/09/burp.jpg
een man koopt een brood,https://c2.staticflickr.com/6/5291/5498211647_bee1b439f9_b.jpg
een man koopt een man,https://www.timeshighereducation.com/sites/default/files/group-of-people-bidding-at-auction.jpg
een man koopt een boer,https://www.timeshighereducation.com/sites/default/files/group-of-people-bidding-at-auction.jpg
een man snijdt een brood,https://tse1.mm.bing.net/th?id=OIP.9vf-3Gj46Wb5TGgOydwgawAAAA&pid=15.1
een man snijdt een man,https://thenypost.files.wordpress.com/2017/06/051717_brooklyn_tourettes_barber_pm-1.jpg?quality=90&strip=all&strip=all
een man snijdt een boer,https://metrouk2.files.wordpress.com/2016/01/ad192117812sheila-the-sheep.jpg?w=620&h=413&crop=1
een boer eet een brood,https://t3.ftcdn.net/jpg/01/02/34/52/500_F_102345297_pxs3h4hUTjDza4a4DfdEKWco8tzgIXKx.jpg
een boer eet een man,http://i.dailymail.co.uk/i/pix/2017/04/06/22/3F04FECC00000578-4386882-image-a-1_1491514877155.jpg
een boer eet een boer,http://i.dailymail.co.uk/i/pix/2017/04/06/22/3F04FECC00000578-4386882-image-a-1_1491514877155.jpg
een boer laat een boer,https://magingalagadngsining.files.wordpress.com/2014/09/burp.jpg
een boer koopt een brood,http://l7.alamy.com/zooms/05e68a3dd30844488155208fff74db96/smiling-brunette-farmer-selling-vegetables-and-bread-f46agk.jpg
een boer koopt een man,https://www.timeshighereducation.com/sites/default/files/group-of-people-bidding-at-auction.jpg
een boer koopt een boer,https://www.timeshighereducation.com/sites/default/files/group-of-people-bidding-at-auction.jpg
een boer snijdt een brood,https://thumb1.shutterstock.com/display_pic_with_logo/871351/617980247/stock-photo-old-man-with-wrinkled-hands-cut-off-the-slice-of-bread-farmer-cuts-bread-baked-from-flour-from-his-617980247.jpg
een boer snijdt een man,https://thenypost.files.wordpress.com/2017/06/051717_brooklyn_tourettes_barber_pm-1.jpg?quality=90&strip=all&strip=all
een boer snijdt een boer,https://metrouk2.files.wordpress.com/2016/01/ad192117812sheila-the-sheep.jpg?w=620&h=413&crop=1
de man eet het brood,https://t3.ftcdn.net/jpg/01/02/34/52/500_F_102345297_pxs3h4hUTjDza4a4DfdEKWco8tzgIXKx.jpg
de man koopt het brood,https://c2.staticflickr.com/6/5291/5498211647_bee1b439f9_b.jpg
de man snijdt het brood,https://tse1.mm.bing.net/th?id=OIP.9vf-3Gj46Wb5TGgOydwgawAAAA&pid=15.1
de boer eet het brood,https://t3.ftcdn.net/jpg/01/02/34/52/500_F_102345297_pxs3h4hUTjDza4a4DfdEKWco8tzgIXKx.jpg
de boer koopt het brood,http://l7.alamy.com/zooms/05e68a3dd30844488155208fff74db96/smiling-brunette-farmer-selling-vegetables-and-bread-f46agk.jpg
de boer snijdt het brood,https://thumb1.shutterstock.com/display_pic_with_logo/871351/617980247/stock-photo-old-man-with-wrinkled-hands-cut-off-the-slice-of-bread-farmer-cuts-bread-baked-from-flour-from-his-617980247.jpg
